[
  {
    "id": "04a4b428-226f-47d9-975c-7537917137d1",
    "data": [
      {
        "text": "south",
        "alias": "location",
        "meta": "@sys.location",
        "userDefined": true
      }
    ],
    "isTemplate": false,
    "count": 0
  },
  {
    "id": "80010827-b88b-4a37-b37e-8be9ed819fc7",
    "data": [
      {
        "text": "midi station",
        "alias": "location",
        "meta": "@sys.location",
        "userDefined": true
      }
    ],
    "isTemplate": false,
    "count": 0
  },
  {
    "id": "7dd49801-997d-447c-b71e-08732bc69d17",
    "data": [
      {
        "text": "south station",
        "alias": "location",
        "meta": "@sys.location",
        "userDefined": false
      }
    ],
    "isTemplate": false,
    "count": 0
  },
  {
    "id": "3e651813-5fc5-43bd-a478-0e6af3668794",
    "data": [
      {
        "text": "north station",
        "alias": "location",
        "meta": "@sys.location",
        "userDefined": false
      }
    ],
    "isTemplate": false,
    "count": 0
  },
  {
    "id": "9e8da934-f8bc-4fd9-8548-05ca5cef1412",
    "data": [
      {
        "text": "central station",
        "alias": "location",
        "meta": "@sys.location",
        "userDefined": false
      }
    ],
    "isTemplate": false,
    "count": 0
  },
  {
    "id": "d13df874-b9c8-4bcd-b7ea-85ed212d1c46",
    "data": [
      {
        "text": "central",
        "alias": "location",
        "meta": "@sys.location",
        "userDefined": true
      }
    ],
    "isTemplate": false,
    "count": 1
  },
  {
    "id": "5a706551-8ed3-42c2-8da2-6f7e14b22b8c",
    "data": [
      {
        "text": "downtown",
        "alias": "location",
        "meta": "@sys.location",
        "userDefined": true
      }
    ],
    "isTemplate": false,
    "count": 0
  },
  {
    "id": "cef816fb-8395-4897-8d8c-7dd0cdb682fd",
    "data": [
      {
        "text": "north",
        "alias": "location",
        "meta": "@sys.location",
        "userDefined": true
      }
    ],
    "isTemplate": false,
    "count": 0,
    "updated": 1511977218
  },
  {
    "id": "431a2d55-17a7-4bb4-bbbb-f0c9c941613e",
    "data": [
      {
        "text": "noord",
        "alias": "location",
        "meta": "@sys.location",
        "userDefined": true
      }
    ],
    "isTemplate": false,
    "count": 0,
    "updated": 1511977218
  },
  {
    "id": "cf8bc1b5-e836-4426-8c0c-850a0bade418",
    "data": [
      {
        "text": "louise",
        "alias": "location",
        "meta": "@sys.location",
        "userDefined": true
      }
    ],
    "isTemplate": false,
    "count": 0,
    "updated": 1511977218
  },
  {
    "id": "8c7209e1-c983-4b59-a9f6-30481e8294d0",
    "data": [
      {
        "text": "zuid",
        "alias": "location",
        "meta": "@sys.location",
        "userDefined": true
      }
    ],
    "isTemplate": false,
    "count": 0,
    "updated": 1511977218
  },
  {
    "id": "1c4e317f-7786-4e92-b605-c60e65c688e4",
    "data": [
      {
        "text": "midi",
        "alias": "location",
        "meta": "@sys.location",
        "userDefined": true
      }
    ],
    "isTemplate": false,
    "count": 0,
    "updated": 1511977218
  }
]