[
  {
    "id": "2b13d76a-8b19-4076-859c-0cd7f25c00c1",
    "data": [
      {
        "text": "run a test ",
        "userDefined": false
      },
      {
        "text": "gent",
        "alias": "geo-city-gb",
        "meta": "@sys.geo-city-gb",
        "userDefined": true
      }
    ],
    "isTemplate": false,
    "count": 0
  },
  {
    "id": "cef1a1b1-3b62-4d7f-bd85-167404323b99",
    "data": [
      {
        "text": "run a test ",
        "userDefined": false
      },
      {
        "text": "brussels",
        "alias": "geo-city-gb",
        "meta": "@sys.geo-city-gb",
        "userDefined": true
      }
    ],
    "isTemplate": false,
    "count": 0
  },
  {
    "id": "a1104f27-8fed-4a81-a681-9ba95ff2bf34",
    "data": [
      {
        "text": "run a test ",
        "userDefined": false
      },
      {
        "text": "antwerpen",
        "alias": "geo-city-gb",
        "meta": "@sys.geo-city-gb",
        "userDefined": true
      }
    ],
    "isTemplate": false,
    "count": 0
  },
  {
    "id": "bc9ce3dd-cb17-4469-a38f-05b089791abe",
    "data": [
      {
        "text": "debug ",
        "userDefined": false
      },
      {
        "text": "here",
        "alias": "geo-city-gb",
        "meta": "@sys.geo-city-gb",
        "userDefined": true
      }
    ],
    "isTemplate": false,
    "count": 0,
    "updated": 1511956867
  },
  {
    "id": "f8da35a7-a0bd-4bef-8fcf-43f782578b52",
    "data": [
      {
        "text": "debug ",
        "userDefined": false
      },
      {
        "text": "gent",
        "alias": "geo-city-gb",
        "meta": "@sys.geo-city-gb",
        "userDefined": true
      }
    ],
    "isTemplate": false,
    "count": 0,
    "updated": 1511956867
  },
  {
    "id": "f37eb412-dfb9-4979-b601-c2d9dc978531",
    "data": [
      {
        "text": "debug ",
        "userDefined": false
      },
      {
        "text": "antwerpen",
        "alias": "geo-city-gb",
        "meta": "@sys.geo-city-gb",
        "userDefined": true
      }
    ],
    "isTemplate": false,
    "count": 0,
    "updated": 1511956867
  },
  {
    "id": "9c5209e9-5358-486a-9205-b087c93f8c2d",
    "data": [
      {
        "text": "debug ",
        "userDefined": false
      },
      {
        "text": "brussels",
        "alias": "geo-city-gb",
        "meta": "@sys.geo-city-gb",
        "userDefined": true
      }
    ],
    "isTemplate": false,
    "count": 0,
    "updated": 1511956867
  }
]