[
  {
    "id": "340921fa-8d37-4327-a05a-32abca0d7d1c",
    "data": [
      {
        "text": "find parking near ",
        "userDefined": false
      },
      {
        "text": "north station",
        "alias": "location",
        "meta": "@sys.location",
        "userDefined": false
      }
    ],
    "isTemplate": false,
    "count": 0
  },
  {
    "id": "bdccd26a-3425-430c-bedc-5528c2b0fac7",
    "data": [
      {
        "text": "find parking in ",
        "userDefined": false
      },
      {
        "text": "central",
        "alias": "location",
        "meta": "@sys.location",
        "userDefined": true
      }
    ],
    "isTemplate": false,
    "count": 0
  },
  {
    "id": "b6db8f48-792b-4df9-9dee-f62c2a60816c",
    "data": [
      {
        "text": "find parking around ",
        "userDefined": false
      },
      {
        "text": "midi",
        "alias": "location",
        "meta": "@sys.location",
        "userDefined": true
      }
    ],
    "isTemplate": false,
    "count": 0
  }
]