[
  {
    "id": "b4d4ba20-1d68-4bef-bb1b-10202734a2ed",
    "data": [
      {
        "text": "find parking in ",
        "userDefined": false
      },
      {
        "text": "leuven",
        "alias": "geo-city",
        "meta": "@sys.geo-city",
        "userDefined": true
      }
    ],
    "isTemplate": false,
    "count": 0
  },
  {
    "id": "973b0542-7472-4a4c-b542-5778bc5f7dcc",
    "data": [
      {
        "text": "find parking in ",
        "userDefined": false
      },
      {
        "text": "brussels",
        "alias": "geo-city",
        "meta": "@sys.geo-city",
        "userDefined": false
      }
    ],
    "isTemplate": false,
    "count": 0
  },
  {
    "id": "0c2659f3-0441-47ca-a96c-5c73f1388fa2",
    "data": [
      {
        "text": "find parking in ",
        "userDefined": false
      },
      {
        "text": "antwerp",
        "alias": "geo-city",
        "meta": "@sys.geo-city",
        "userDefined": false
      }
    ],
    "isTemplate": false,
    "count": 0
  },
  {
    "id": "f3b7889c-b200-4878-aeb7-30706e8a59f5",
    "data": [
      {
        "text": "find parking",
        "userDefined": false
      }
    ],
    "isTemplate": false,
    "count": 0,
    "updated": 1511801217
  },
  {
    "id": "6bc7aad3-36ee-407a-8750-84c40a00911e",
    "data": [
      {
        "text": "find parking ",
        "userDefined": false
      },
      {
        "text": "around here",
        "alias": "location",
        "meta": "@sys.location",
        "userDefined": true
      }
    ],
    "isTemplate": false,
    "count": 0
  }
]