[
  {
    "id": "409fdbd6-c8ce-4866-83ea-80c0d5080d68",
    "data": [
      {
        "text": "is renske braaf",
        "userDefined": false
      }
    ],
    "isTemplate": false,
    "count": 0,
    "updated": 1511802368
  },
  {
    "id": "6df1749a-7834-445a-8241-03bca18cd3fb",
    "data": [
      {
        "text": "has renske been good",
        "userDefined": false
      }
    ],
    "isTemplate": false,
    "count": 0
  },
  {
    "id": "6ac3e896-7879-43b4-a905-b40e4d7dd10e",
    "data": [
      {
        "text": "is renske good",
        "userDefined": false
      }
    ],
    "isTemplate": false,
    "count": 0
  }
]