[
  {
    "id": "2e38c575-dc64-47c6-9ed1-e6a62105b7a3",
    "data": [
      {
        "text": "midi station",
        "alias": "location",
        "meta": "@sys.location",
        "userDefined": true
      }
    ],
    "isTemplate": false,
    "count": 0
  },
  {
    "id": "1d33387c-31aa-4adb-bc69-ec12450313c0",
    "data": [
      {
        "text": "south station",
        "alias": "location",
        "meta": "@sys.location",
        "userDefined": false
      }
    ],
    "isTemplate": false,
    "count": 0
  },
  {
    "id": "8e22ed1c-89b3-44d2-ad81-325a45103cb7",
    "data": [
      {
        "text": "north station",
        "alias": "location",
        "meta": "@sys.location",
        "userDefined": false
      }
    ],
    "isTemplate": false,
    "count": 0
  },
  {
    "id": "d8ad4e6f-8933-4bcc-a0ad-b25a26cd83f0",
    "data": [
      {
        "text": "central station",
        "alias": "location",
        "meta": "@sys.location",
        "userDefined": false
      }
    ],
    "isTemplate": false,
    "count": 0
  },
  {
    "id": "571b0821-0bf4-4694-9e52-b4f6f07df865",
    "data": [
      {
        "text": "central",
        "alias": "location",
        "meta": "@sys.location",
        "userDefined": true
      }
    ],
    "isTemplate": false,
    "count": 0
  },
  {
    "id": "0a265700-182e-4d24-8e07-1738b46b7249",
    "data": [
      {
        "text": "south",
        "alias": "location",
        "meta": "@sys.location",
        "userDefined": true
      }
    ],
    "isTemplate": false,
    "count": 0
  },
  {
    "id": "7ee3fb00-c498-4de6-b2de-70fd5e4973a2",
    "data": [
      {
        "text": "downtown",
        "alias": "location",
        "meta": "@sys.location",
        "userDefined": true
      }
    ],
    "isTemplate": false,
    "count": 0
  },
  {
    "id": "c03143a4-b919-4d9a-af59-0c839eb2b143",
    "data": [
      {
        "text": "north",
        "alias": "location",
        "meta": "@sys.location",
        "userDefined": true
      }
    ],
    "isTemplate": false,
    "count": 0,
    "updated": 1511977218
  },
  {
    "id": "82626bfc-1789-4eee-a7a6-8ce7ff292e65",
    "data": [
      {
        "text": "noord",
        "alias": "location",
        "meta": "@sys.location",
        "userDefined": true
      }
    ],
    "isTemplate": false,
    "count": 0,
    "updated": 1511977218
  },
  {
    "id": "07a053c8-f11d-4ece-871c-7544d34cbb59",
    "data": [
      {
        "text": "louise",
        "alias": "location",
        "meta": "@sys.location",
        "userDefined": true
      }
    ],
    "isTemplate": false,
    "count": 0,
    "updated": 1511977218
  },
  {
    "id": "9c81566d-e9e5-457c-8e7b-f6ebf8ebd125",
    "data": [
      {
        "text": "zuid",
        "alias": "location",
        "meta": "@sys.location",
        "userDefined": true
      }
    ],
    "isTemplate": false,
    "count": 0,
    "updated": 1511977218
  },
  {
    "id": "f7b1e312-720a-4b2f-9bea-94c6ac625f9f",
    "data": [
      {
        "text": "midi",
        "alias": "location",
        "meta": "@sys.location",
        "userDefined": true
      }
    ],
    "isTemplate": false,
    "count": 0,
    "updated": 1511977218
  }
]