[
  {
    "id": "27587a74-cb48-4dd4-bf13-f7754860dc82",
    "data": [
      {
        "text": "ok leave",
        "userDefined": false
      }
    ],
    "isTemplate": false,
    "count": 0,
    "updated": 1511979023
  },
  {
    "id": "47a83855-9d22-4910-b52f-c9d7be4516f5",
    "data": [
      {
        "text": "ok stop",
        "userDefined": false
      }
    ],
    "isTemplate": false,
    "count": 0,
    "updated": 1511979023
  },
  {
    "id": "c35d310a-3536-46aa-b934-199801fed894",
    "data": [
      {
        "text": "stop",
        "userDefined": false
      }
    ],
    "isTemplate": false,
    "count": 0,
    "updated": 1511979023
  },
  {
    "id": "dae84581-eb17-4111-a2dd-7da793fadccd",
    "data": [
      {
        "text": "leave",
        "userDefined": false
      }
    ],
    "isTemplate": false,
    "count": 0,
    "updated": 1511979023
  },
  {
    "id": "cb1acb53-3234-4dad-a5c8-a59778d8df2e",
    "data": [
      {
        "text": "end",
        "userDefined": false
      }
    ],
    "isTemplate": false,
    "count": 0,
    "updated": 1511979023
  },
  {
    "id": "2284b83d-3270-489c-88e1-34605095d81d",
    "data": [
      {
        "text": "quit",
        "userDefined": false
      }
    ],
    "isTemplate": false,
    "count": 0,
    "updated": 1511979023
  },
  {
    "id": "d5be7d5e-f9db-4f4f-a3f8-6fd8cdfc0983",
    "data": [
      {
        "text": "👍",
        "userDefined": false
      }
    ],
    "isTemplate": false,
    "count": 0,
    "updated": 1511979023
  }
]