[
  {
    "id": "2eca045d-743b-4c34-b618-a3ba64dd5bfe",
    "data": [
      {
        "text": "ok leave",
        "userDefined": false
      }
    ],
    "isTemplate": false,
    "count": 0,
    "updated": 1511979023
  },
  {
    "id": "3dba7e3e-d73f-4596-8fd4-fb977556f7be",
    "data": [
      {
        "text": "ok stop",
        "userDefined": false
      }
    ],
    "isTemplate": false,
    "count": 0,
    "updated": 1511979023
  },
  {
    "id": "c531c2c3-aea4-4645-9f1f-46b692a3c304",
    "data": [
      {
        "text": "stop",
        "userDefined": false
      }
    ],
    "isTemplate": false,
    "count": 0,
    "updated": 1511979023
  },
  {
    "id": "a4823267-c5ed-4c67-a214-d17ddccae9a5",
    "data": [
      {
        "text": "leave",
        "userDefined": false
      }
    ],
    "isTemplate": false,
    "count": 0,
    "updated": 1511979023
  },
  {
    "id": "69b3dea5-355c-4ea6-b397-d3e990de4199",
    "data": [
      {
        "text": "end",
        "userDefined": false
      }
    ],
    "isTemplate": false,
    "count": 0,
    "updated": 1511979023
  },
  {
    "id": "7993ee49-6808-40dc-b0eb-14adaf7c120f",
    "data": [
      {
        "text": "quit",
        "userDefined": false
      }
    ],
    "isTemplate": false,
    "count": 0,
    "updated": 1511979023
  },
  {
    "id": "554656f5-0285-4192-9197-ba1ffb02fb90",
    "data": [
      {
        "text": "👍",
        "userDefined": false
      }
    ],
    "isTemplate": false,
    "count": 0,
    "updated": 1511979023
  }
]